{
  "cluster_summary": {
    "dppt_data": {
      "0": 4.666666666666667,
      "1": 1.6666666666666667,
      "2": 3.25
    },
    "dppt_process": {
      "0": 4.333333333333333,
      "1": 2.3333333333333335,
      "2": 3.25
    },
    "dppt_people": {
      "0": 4.333333333333333,
      "1": 1.6666666666666667,
      "2": 2.5
    },
    "dppt_technology": {
      "0": 5.0,
      "1": 2.6666666666666665,
      "2": 4.25
    },
    "business_impact": {
      "0": 92.33333333333333,
      "1": 38.333333333333336,
      "2": 65.75
    }
  },
  "regression": {
    "coefficients": {
      "dppt_data": 2.4828693790149954,
      "dppt_process": 7.411134903640251,
      "dppt_people": 5.735546038543888,
      "dppt_technology": 6.377944325481792
    },
    "intercept": -8.473233404710868,
    "r2_score": 0.9856920061406167
  }
}