{
  "type": "anova",
  "F": 82.27742946708479,
  "p": 1.3722478511050667e-05,
  "n_groups": 3,
  "group_sizes": [
    3,
    3,
    4
  ]
}